{
    "MSE_model_1_algorithm": 0.01589951313027368,
    "MSE_model_2_algorithm": 0.027792636664384474,
    "R2_model_1_algorithm": 0.7611316649166026,
    "R2_model_2_algorithm": 0.5824538277867989
}