{
      "loss": [
            0.11217733472585678,
            0.11216646432876587,
            0.11215256154537201,
            0.11213764548301697,
            0.1121409684419632,
            0.11216192692518234,
            0.11215405911207199,
            0.11215831339359283,
            0.11216049641370773,
            0.11216869950294495,
            0.11216368526220322
      ],
      "mean_absolute_error": [
            0.2800520658493042,
            0.28014734387397766,
            0.2801956236362457,
            0.28006118535995483,
            0.28021374344825745,
            0.28030645847320557,
            0.28004828095436096,
            0.28025877475738525,
            0.2801096439361572,
            0.28027430176734924,
            0.2802064120769501
      ],
      "r2_score": [
            -0.00037348270416259766,
            -0.0002760887145996094,
            -0.0001480579376220703,
            -1.4662742614746094e-05,
            -4.57763671875e-05,
            -0.0002319812774658203,
            -0.0001627206802368164,
            -0.0002027750015258789,
            -0.0002205371856689453,
            -0.00029397010803222656,
            -0.00025022029876708984
      ],
      "val_loss": [
            0.11319634318351746,
            0.11317663639783859,
            0.1131792739033699,
            0.11318715661764145,
            0.11317839473485947,
            0.11327479034662247,
            0.11317779123783112,
            0.11320695281028748,
            0.11317767202854156,
            0.11319340020418167,
            0.11318580061197281
      ],
      "val_mean_absolute_error": [
            0.2824322283267975,
            0.2832646071910858,
            0.28293314576148987,
            0.2837948203086853,
            0.2829791009426117,
            0.2814732491970062,
            0.2834075689315796,
            0.28224363923072815,
            0.2834012508392334,
            0.2824942171573639,
            0.2826821208000183
      ],
      "val_r2_score": [
            -0.00017523765563964844,
            -1.1920928955078125e-06,
            -2.4437904357910156e-05,
            -9.40561294555664e-05,
            -1.6689300537109375e-05,
            -0.0008683204650878906,
            -1.1324882507324219e-05,
            -0.0002690553665161133,
            -1.0251998901367188e-05,
            -0.00014925003051757812,
            -8.213520050048828e-05
      ]
}{
   "verbose": 1,
   "epochs": 30,
   "steps": 1181
}