{
      "loss": [
            0.11217214167118073,
            0.11215309053659439,
            0.1121453195810318,
            0.11215409636497498,
            0.11214447021484375,
            0.11214975267648697,
            0.11214108020067215,
            0.1121453121304512,
            0.11214336007833481,
            0.11214234679937363,
            0.11215052753686905
      ],
      "mean_absolute_error": [
            0.27978700399398804,
            0.28015604615211487,
            0.28006672859191895,
            0.2802405059337616,
            0.2802112400531769,
            0.2803167700767517,
            0.2800309956073761,
            0.28029677271842957,
            0.28026774525642395,
            0.2800891697406769,
            0.2802145779132843
      ],
      "r2_score": [
            -0.0003228187561035156,
            -0.00015497207641601562,
            -8.249282836914062e-05,
            -0.00016379356384277344,
            -7.903575897216797e-05,
            -0.00012624263763427734,
            -4.601478576660156e-05,
            -8.428096771240234e-05,
            -6.937980651855469e-05,
            -6.0439109802246094e-05,
            -0.00013208389282226562
      ],
      "val_loss": [
            0.11321279406547546,
            0.11320111155509949,
            0.11317701637744904,
            0.11318071186542511,
            0.1131911352276802,
            0.11323849111795425,
            0.11318052560091019,
            0.1132190003991127,
            0.11326584219932556,
            0.11323182284832001,
            0.11323399096727371
      ],
      "val_mean_absolute_error": [
            0.2821546196937561,
            0.2823428213596344,
            0.28311121463775635,
            0.28286072611808777,
            0.28254514932632446,
            0.2818302512168884,
            0.28286856412887573,
            0.2820674180984497,
            0.2815535366535187,
            0.28190678358078003,
            0.2818809747695923
      ],
      "val_r2_score": [
            -0.00031936168670654297,
            -0.0002161264419555664,
            -3.2186508178710938e-06,
            -3.5881996154785156e-05,
            -0.00012803077697753906,
            -0.0005463361740112305,
            -3.421306610107422e-05,
            -0.00037419795989990234,
            -0.0007880926132202148,
            -0.00048744678497314453,
            -0.0005066394805908203
      ]
}{
   "verbose": 1,
   "epochs": 30,
   "steps": 591
}