{
      "loss": [
            0.1132940724492073,
            0.11288249492645264,
            0.11279215663671494,
            0.11285758763551712,
            0.11268287152051926,
            0.11294472217559814,
            0.11305175721645355,
            0.1128113716840744,
            0.1127566546201706,
            0.11275888979434967,
            0.11280171573162079,
            0.11297974735498428,
            0.11267432570457458,
            0.11279411613941193,
            0.11277806758880615
      ],
      "mean_absolute_error": [
            0.2817264795303345,
            0.281267911195755,
            0.281150221824646,
            0.2813991606235504,
            0.28099489212036133,
            0.2814474105834961,
            0.2816328704357147,
            0.28119614720344543,
            0.28100523352622986,
            0.28104928135871887,
            0.2812974452972412,
            0.2815627455711365,
            0.28095874190330505,
            0.2811478078365326,
            0.28106018900871277
      ],
      "r2_score": [
            -0.010332822799682617,
            -0.006658315658569336,
            -0.005852699279785156,
            -0.006435751914978027,
            -0.004876494407653809,
            -0.0072171688079833984,
            -0.008168935775756836,
            -0.006026864051818848,
            -0.00553739070892334,
            -0.0055533647537231445,
            -0.005940914154052734,
            -0.007520914077758789,
            -0.004803061485290527,
            -0.005871772766113281,
            -0.005728483200073242
      ],
      "val_loss": [
            0.11320535093545914,
            0.11580459773540497,
            0.11379861831665039,
            0.11483044177293777,
            0.1135987639427185,
            0.11511318385601044,
            0.11365526914596558,
            0.11317728459835052,
            0.11476404219865799,
            0.11317689716815948,
            0.11337020248174667,
            0.113435760140419,
            0.11321929842233658,
            0.11332874000072479,
            0.11362441629171371
      ],
      "val_mean_absolute_error": [
            0.2841722369194031,
            0.28000134229660034,
            0.2878360450267792,
            0.2924215793609619,
            0.2868965268135071,
            0.27953386306762695,
            0.27937954664230347,
            0.28337135910987854,
            0.292180597782135,
            0.28331440687179565,
            0.28077271580696106,
            0.28609687089920044,
            0.2843814492225647,
            0.28542110323905945,
            0.27950477600097656
      ],
      "val_r2_score": [
            -0.0002548694610595703,
            -0.023221135139465332,
            -0.005496859550476074,
            -0.014613747596740723,
            -0.0037310123443603516,
            -0.017112016677856445,
            -0.004230141639709473,
            -6.794929504394531e-06,
            -0.014027118682861328,
            -3.4570693969726562e-06,
            -0.0017113685607910156,
            -0.0022906064987182617,
            -0.00037801265716552734,
            -0.0013450384140014648,
            -0.003957629203796387
      ]
}{
   "verbose": 1,
   "epochs": 30,
   "steps": 1181
}