{
      "loss": [
            0.11261618137359619,
            0.11263342201709747,
            0.1126355305314064,
            0.11253906041383743,
            0.11257730424404144,
            0.11262942850589752,
            0.11257898807525635,
            0.11270548403263092,
            0.11258386075496674,
            0.11259707063436508,
            0.11263945698738098
      ],
      "mean_absolute_error": [
            0.2807766795158386,
            0.2808181643486023,
            0.280862957239151,
            0.2807106673717499,
            0.2807948887348175,
            0.2808094322681427,
            0.28087157011032104,
            0.2808409631252289,
            0.28071847558021545,
            0.28081005811691284,
            0.280739963054657
      ],
      "r2_score": [
            -0.004284977912902832,
            -0.004440188407897949,
            -0.004457950592041016,
            -0.0035991668701171875,
            -0.003936648368835449,
            -0.004403352737426758,
            -0.003953695297241211,
            -0.0050792694091796875,
            -0.003996491432189941,
            -0.0041152238845825195,
            -0.004494428634643555
      ],
      "val_loss": [
            0.11588340252637863,
            0.11323998868465424,
            0.11413627117872238,
            0.11380653083324432,
            0.1133461743593216,
            0.11356351524591446,
            0.11367036402225494,
            0.11336155235767365,
            0.11378458887338638,
            0.11317776143550873,
            0.11349859833717346
      ],
      "val_mean_absolute_error": [
            0.2800534665584564,
            0.28181323409080505,
            0.289596825838089,
            0.2788163721561432,
            0.28092890977859497,
            0.279765784740448,
            0.27931979298591614,
            0.2856474816799164,
            0.2877536118030548,
            0.28303006291389465,
            0.28006747364997864
      ],
      "val_r2_score": [
            -0.023916125297546387,
            -0.0005595684051513672,
            -0.008478999137878418,
            -0.0055654048919677734,
            -0.0014978647232055664,
            -0.0034182071685791016,
            -0.004362344741821289,
            -0.001633763313293457,
            -0.005371570587158203,
            -9.775161743164062e-06,
            -0.002844691276550293
      ]
}{
   "verbose": 1,
   "epochs": 30,
   "steps": 591
}