{
      "loss": [
            0.0583888478577137,
            0.04739799350500107,
            0.04319266974925995,
            0.0398714505136013,
            0.03731853887438774,
            0.03395729884505272,
            0.027590882033109665,
            0.0206009354442358,
            0.01627076417207718,
            0.013195752166211605,
            0.011039717122912407,
            0.009501039050519466,
            0.008461765013635159,
            0.007650617975741625,
            0.007081144489347935,
            0.006589061114937067,
            0.006242505740374327,
            0.0059243133291602135,
            0.005676902364939451,
            0.005467189010232687,
            0.005269600078463554,
            0.005105386488139629,
            0.004953149706125259,
            0.004801583476364613,
            0.004701834172010422,
            0.004586977418512106,
            0.004471661057323217,
            0.004388254601508379,
            0.004303646739572287,
            0.004220142029225826
      ],
      "mean_absolute_error": [
            0.19808731973171234,
            0.1730349361896515,
            0.1619933843612671,
            0.1531858593225479,
            0.14668211340904236,
            0.13879238069057465,
            0.12291324138641357,
            0.10202348232269287,
            0.08711040019989014,
            0.0760328471660614,
            0.06762398779392242,
            0.06142263859510422,
            0.056916359812021255,
            0.05351646989583969,
            0.05081052705645561,
            0.04860284551978111,
            0.046922240406274796,
            0.04538550227880478,
            0.044262249022722244,
            0.043234217911958694,
            0.04230811819434166,
            0.041444506496191025,
            0.04080633819103241,
            0.04002317786216736,
            0.03943582624197006,
            0.038863662630319595,
            0.03825051337480545,
            0.03772255405783653,
            0.03720637038350105,
            0.03689027950167656
      ],
      "r2_score": [
            0.4793028235435486,
            0.5773155689239502,
            0.614818811416626,
            0.6444357633590698,
            0.6672018766403198,
            0.6971768140792847,
            0.7539504766464233,
            0.8162857294082642,
            0.8549011945724487,
            0.8823232054710388,
            0.9015505909919739,
            0.9152718782424927,
            0.9245401620864868,
            0.9317735433578491,
            0.936851978302002,
            0.9412403702735901,
            0.9443308115005493,
            0.9471682906150818,
            0.9493747353553772,
            0.9512447118759155,
            0.9530068039894104,
            0.9544714093208313,
            0.955828845500946,
            0.9571806192398071,
            0.9580700397491455,
            0.9590944647789001,
            0.9601227641105652,
            0.9608665704727173,
            0.9616209864616394,
            0.9623658061027527
      ],
      "val_loss": [
            0.052041325718164444,
            0.050379086285829544,
            0.044883690774440765,
            0.041856665164232254,
            0.0381101630628109,
            0.03303728625178337,
            0.025286154821515083,
            0.019254356622695923,
            0.015864089131355286,
            0.013303018175065517,
            0.011394425295293331,
            0.010245302692055702,
            0.009230834431946278,
            0.009181277826428413,
            0.00822432991117239,
            0.00789970438927412,
            0.007535298354923725,
            0.008000226691365242,
            0.007345200981944799,
            0.007095715496689081,
            0.00678675901144743,
            0.007631412707269192,
            0.006550162564963102,
            0.0064508551731705666,
            0.006402806844562292,
            0.006270195357501507,
            0.006483759731054306,
            0.006110100541263819,
            0.006167362444102764,
            0.0059262290596961975
      ],
      "val_mean_absolute_error": [
            0.19156001508235931,
            0.18796268105506897,
            0.15641523897647858,
            0.1509857475757599,
            0.15320919454097748,
            0.13868193328380585,
            0.11831828206777573,
            0.09642333537340164,
            0.08268555998802185,
            0.07342171669006348,
            0.06648445874452591,
            0.061139676719903946,
            0.056796565651893616,
            0.056243762373924255,
            0.05243515595793724,
            0.050144266337156296,
            0.048506561666727066,
            0.05174032971262932,
            0.04765411093831062,
            0.046183403581380844,
            0.04458244517445564,
            0.05090755969285965,
            0.04317812621593475,
            0.042663466185331345,
            0.042513903230428696,
            0.041422292590141296,
            0.04304243624210358,
            0.040833018720149994,
            0.041494861245155334,
            0.039627790451049805
      ],
      "val_r2_score": [
            0.5401755571365356,
            0.5548626780509949,
            0.6034187078475952,
            0.6301647424697876,
            0.6632679104804993,
            0.7080906629562378,
            0.7765777111053467,
            0.8298732042312622,
            0.859828770160675,
            0.8824577927589417,
            0.8993216156959534,
            0.9094750285148621,
            0.9184386134147644,
            0.9188764691352844,
            0.927331805229187,
            0.9302001595497131,
            0.933419942855835,
            0.9293119311332703,
            0.9350996017456055,
            0.9373040199279785,
            0.9400338530540466,
            0.9325706958770752,
            0.9421243667602539,
            0.9430018067359924,
            0.9434263706207275,
            0.9445980787277222,
            0.9427110552787781,
            0.9460126161575317,
            0.9455066919326782,
            0.9476372599601746
      ]
}{
   "verbose": 1,
   "epochs": 30,
   "steps": 1181
}