{
      "loss": [
            0.2956147789955139,
            0.2956147789955139,
            0.29561489820480347,
            0.29561468958854675,
            0.295615017414093,
            0.2956148087978363,
            0.29561474919319153,
            0.2956148684024811,
            0.2956150472164154,
            0.29561492800712585,
            0.29561492800712585
      ],
      "mean_absolute_error": [
            0.42845049500465393,
            0.4284505844116211,
            0.4284503757953644,
            0.4284503757953644,
            0.4284503757953644,
            0.42845064401626587,
            0.4284505844116211,
            0.4284507632255554,
            0.42845067381858826,
            0.4284505844116211,
            0.4284505248069763
      ],
      "r2_score": [
            -1.6362245082855225,
            -1.6362264156341553,
            -1.6362204551696777,
            -1.6362228393554688,
            -1.636218786239624,
            -1.6362273693084717,
            -1.6362268924713135,
            -1.6362290382385254,
            -1.6362240314483643,
            -1.636223554611206,
            -1.6362223625183105
      ],
      "val_loss": [
            0.2926138937473297,
            0.2926138937473297,
            0.2926138937473297,
            0.2926138937473297,
            0.2926138937473297,
            0.2926138937473297,
            0.2926138937473297,
            0.2926138937473297,
            0.2926138937473297,
            0.2926138937473297,
            0.2926138937473297
      ],
      "val_mean_absolute_error": [
            0.42402395606040955,
            0.42402395606040955,
            0.42402395606040955,
            0.42402395606040955,
            0.42402395606040955,
            0.42402395606040955,
            0.42402395606040955,
            0.42402395606040955,
            0.42402395606040955,
            0.42402395606040955,
            0.42402395606040955
      ],
      "val_r2_score": [
            -1.5854649543762207,
            -1.5854649543762207,
            -1.5854649543762207,
            -1.5854649543762207,
            -1.5854649543762207,
            -1.5854649543762207,
            -1.5854649543762207,
            -1.5854649543762207,
            -1.5854649543762207,
            -1.5854649543762207,
            -1.5854649543762207
      ]
}{
   "verbose": 1,
   "epochs": 30,
   "steps": 1181
}