{
      "loss": [
            0.29512861371040344,
            0.2956148684024811,
            0.29561513662338257,
            0.295615017414093,
            0.2956147789955139,
            0.29561492800712585,
            0.29561489820480347,
            0.29561495780944824,
            0.29561498761177063,
            0.2956150472164154,
            0.29561489820480347
      ],
      "mean_absolute_error": [
            0.42779025435447693,
            0.4284506142139435,
            0.42845049500465393,
            0.42845043540000916,
            0.4284503757953644,
            0.42845049500465393,
            0.4284506142139435,
            0.4284505248069763,
            0.4284505248069763,
            0.4284503757953644,
            0.4284503161907196
      ],
      "r2_score": [
            -1.6318824291229248,
            -1.636225938796997,
            -1.6362190246582031,
            -1.6362199783325195,
            -1.6362223625183105,
            -1.6362221240997314,
            -1.6362252235412598,
            -1.6362221240997314,
            -1.6362216472625732,
            -1.636218547821045,
            -1.6362192630767822
      ],
      "val_loss": [
            0.2926139831542969,
            0.2926139831542969,
            0.2926139831542969,
            0.2926139831542969,
            0.2926139831542969,
            0.2926139831542969,
            0.2926139831542969,
            0.2926139831542969,
            0.2926139831542969,
            0.2926139831542969,
            0.2926139831542969
      ],
      "val_mean_absolute_error": [
            0.42402389645576477,
            0.42402389645576477,
            0.42402389645576477,
            0.42402389645576477,
            0.42402389645576477,
            0.42402389645576477,
            0.42402389645576477,
            0.42402389645576477,
            0.42402389645576477,
            0.42402389645576477,
            0.42402389645576477
      ],
      "val_r2_score": [
            -1.5854625701904297,
            -1.5854625701904297,
            -1.5854625701904297,
            -1.5854625701904297,
            -1.5854625701904297,
            -1.5854625701904297,
            -1.5854625701904297,
            -1.5854625701904297,
            -1.5854625701904297,
            -1.5854625701904297,
            -1.5854625701904297
      ]
}{
   "verbose": 1,
   "epochs": 30,
   "steps": 591
}