{
      "loss": [
            0.2956148684024811,
            0.29561498761177063,
            0.29561495780944824,
            0.2956150770187378,
            0.2956148684024811,
            0.29561489820480347,
            0.29561468958854675,
            0.29561489820480347,
            0.29561489820480347,
            0.29561489820480347,
            0.29561474919319153
      ],
      "mean_absolute_error": [
            0.4284505844116211,
            0.4284503757953644,
            0.4284505546092987,
            0.4284506142139435,
            0.428450345993042,
            0.42845064401626587,
            0.42845067381858826,
            0.42845064401626587,
            0.42845070362091064,
            0.4284505546092987,
            0.42845043540000916
      ],
      "r2_score": [
            -1.6362254619598389,
            -1.6362192630767822,
            -1.6362226009368896,
            -1.6362230777740479,
            -1.6362199783325195,
            -1.636225938796997,
            -1.6362292766571045,
            -1.6362261772155762,
            -1.6362268924713135,
            -1.636223316192627,
            -1.6362237930297852
      ],
      "val_loss": [
            0.2926139831542969,
            0.2926139831542969,
            0.2926139831542969,
            0.2926139831542969,
            0.2926139831542969,
            0.2926139831542969,
            0.2926139831542969,
            0.2926139831542969,
            0.2926139831542969,
            0.2926139831542969,
            0.2926139831542969
      ],
      "val_mean_absolute_error": [
            0.42402389645576477,
            0.42402389645576477,
            0.42402389645576477,
            0.42402389645576477,
            0.42402389645576477,
            0.42402389645576477,
            0.42402389645576477,
            0.42402389645576477,
            0.42402389645576477,
            0.42402389645576477,
            0.42402389645576477
      ],
      "val_r2_score": [
            -1.5854625701904297,
            -1.5854625701904297,
            -1.5854625701904297,
            -1.5854625701904297,
            -1.5854625701904297,
            -1.5854625701904297,
            -1.5854625701904297,
            -1.5854625701904297,
            -1.5854625701904297,
            -1.5854625701904297,
            -1.5854625701904297
      ]
}{
   "verbose": 1,
   "epochs": 30,
   "steps": 591
}