{
      "loss": [
            0.07796456664800644,
            0.060455888509750366,
            0.0543261393904686,
            0.04785953089594841,
            0.04001706466078758,
            0.03432304784655571,
            0.029992757365107536,
            0.0271169301122427,
            0.025765202939510345,
            0.024367546662688255,
            0.023296507075428963,
            0.022587696090340614,
            0.021959781646728516,
            0.021197402849793434,
            0.02076210081577301,
            0.020059168338775635,
            0.019146282225847244,
            0.019053610041737556,
            0.018669938668608665,
            0.018283957615494728,
            0.017923729494214058,
            0.01764676161110401,
            0.01773272454738617,
            0.01737128011882305,
            0.01701013743877411,
            0.016765570268034935,
            0.016393695026636124,
            0.016443442553281784,
            0.01622142642736435,
            0.015609527938067913
      ],
      "mean_absolute_error": [
            0.2347632646560669,
            0.21155790984630585,
            0.20058539509773254,
            0.1860828995704651,
            0.16882449388504028,
            0.1549936681985855,
            0.14407455921173096,
            0.13719429075717926,
            0.1334245353937149,
            0.12969689071178436,
            0.12663164734840393,
            0.12438081204891205,
            0.12230172753334045,
            0.11985435336828232,
            0.11825248599052429,
            0.11645707488059998,
            0.11380209028720856,
            0.11354244500398636,
            0.11230164766311646,
            0.11091311275959015,
            0.1101977527141571,
            0.10935916751623154,
            0.10952024161815643,
            0.10876733809709549,
            0.10738314688205719,
            0.10659638047218323,
            0.10538110882043839,
            0.10557586699724197,
            0.10423054546117783,
            0.10265584290027618
      ],
      "r2_score": [
            0.3047316074371338,
            0.4608677625656128,
            0.5155328512191772,
            0.5732007026672363,
            0.6431368589401245,
            0.6939151287078857,
            0.7325316667556763,
            0.7581787109375,
            0.7702321410179138,
            0.782695472240448,
            0.7922471165657043,
            0.7985690832138062,
            0.8041672706604004,
            0.8109667897224426,
            0.8148485422134399,
            0.8211169242858887,
            0.8292585611343384,
            0.8300845623016357,
            0.8335058689117432,
            0.8369484543800354,
            0.8401598930358887,
            0.8426305651664734,
            0.8418636918067932,
            0.8450868129730225,
            0.8483074307441711,
            0.8504889607429504,
            0.8538048267364502,
            0.8533617854118347,
            0.8553411960601807,
            0.8607977628707886
      ],
      "val_loss": [
            0.06142466887831688,
            0.05407316982746124,
            0.04838796705007553,
            0.0385284498333931,
            0.030550304800271988,
            0.027045346796512604,
            0.019383354112505913,
            0.018284915015101433,
            0.01747584342956543,
            0.016014952212572098,
            0.017093908041715622,
            0.016427015885710716,
            0.015219148248434067,
            0.015231949277222157,
            0.013590878807008266,
            0.013712764717638493,
            0.01450230274349451,
            0.014800962060689926,
            0.013644400984048843,
            0.015104567632079124,
            0.013080377131700516,
            0.015607216395437717,
            0.013899359852075577,
            0.014453521929681301,
            0.013870947994291782,
            0.01508801057934761,
            0.012112966738641262,
            0.012651224620640278,
            0.012316209264099598,
            0.012502727098762989
      ],
      "val_mean_absolute_error": [
            0.20642894506454468,
            0.20233364403247833,
            0.1899661272764206,
            0.16253919899463654,
            0.1478593945503235,
            0.14036515355110168,
            0.11072560399770737,
            0.10769639164209366,
            0.10487739741802216,
            0.10056857764720917,
            0.10452001541852951,
            0.1041397899389267,
            0.09898511320352554,
            0.09883448481559753,
            0.09230966866016388,
            0.09215696901082993,
            0.0967617928981781,
            0.09760807454586029,
            0.09252610802650452,
            0.10004439204931259,
            0.0899442806839943,
            0.1009276956319809,
            0.09511230885982513,
            0.09813333302736282,
            0.09495557099580765,
            0.10067916661500931,
            0.0860535278916359,
            0.08893465995788574,
            0.08705747872591019,
            0.08849486708641052
      ],
      "val_r2_score": [
            0.457266628742218,
            0.522222638130188,
            0.5724557638168335,
            0.6595720052719116,
            0.7300649881362915,
            0.7610338926315308,
            0.8287334442138672,
            0.8384389281272888,
            0.8455877304077148,
            0.858495831489563,
            0.8489624261856079,
            0.854854941368103,
            0.865527331829071,
            0.8654142022132874,
            0.8799142837524414,
            0.8788373470306396,
            0.8718612194061279,
            0.8692222833633423,
            0.8794413805007935,
            0.866539716720581,
            0.8844249844551086,
            0.8620984554290771,
            0.8771886825561523,
            0.8722922205924988,
            0.8774396777153015,
            0.8666859865188599,
            0.8929727673530579,
            0.8882168531417847,
            0.8911769986152649,
            0.8895289301872253
      ]
}{
   "verbose": 1,
   "epochs": 30,
   "steps": 1181
}