{
      "loss": [
            0.15073083341121674,
            0.14957590401172638,
            0.14986374974250793,
            0.1501668095588684,
            0.1501888632774353,
            0.1514054238796234,
            0.1488318294286728,
            0.14556671679019928,
            0.14476071298122406,
            0.14109373092651367,
            0.13768191635608673,
            0.14296790957450867,
            0.14424172043800354,
            0.14190421998500824,
            0.1439826488494873,
            0.14192765951156616,
            0.1427174210548401,
            0.1430492103099823,
            0.1396869570016861,
            0.11803214997053146,
            0.1182166337966919,
            0.11849105358123779,
            0.11835992336273193,
            0.11835306137800217,
            0.11886420845985413,
            0.11876498907804489,
            0.11848194152116776,
            0.11806385964155197,
            0.11861763149499893,
            0.1185363382101059
      ],
      "mean_absolute_error": [
            0.31510040163993835,
            0.3137141764163971,
            0.31382888555526733,
            0.3136763870716095,
            0.31446003913879395,
            0.31512507796287537,
            0.31307148933410645,
            0.3105068504810333,
            0.3097394108772278,
            0.3064565062522888,
            0.3030492961406708,
            0.30829840898513794,
            0.3092561364173889,
            0.307131826877594,
            0.3085208535194397,
            0.3072078227996826,
            0.3078531324863434,
            0.3077998161315918,
            0.305094838142395,
            0.28540492057800293,
            0.28551819920539856,
            0.2858823835849762,
            0.2854197919368744,
            0.2859542965888977,
            0.28658199310302734,
            0.2860472500324249,
            0.28597351908683777,
            0.2855026125907898,
            0.28614139556884766,
            0.2859443724155426
      ],
      "r2_score": [
            -0.34418177604675293,
            -0.3338824510574341,
            -0.3364452123641968,
            -0.3391532897949219,
            -0.33935046195983887,
            -0.3501979112625122,
            -0.3272513151168823,
            -0.29812872409820557,
            -0.29094552993774414,
            -0.2582387924194336,
            -0.22780978679656982,
            -0.2749558687210083,
            -0.28631699085235596,
            -0.26547300815582275,
            -0.2840033769607544,
            -0.2656809091567993,
            -0.2727229595184326,
            -0.2756795883178711,
            -0.24569618701934814,
            -0.052584290504455566,
            -0.05422806739807129,
            -0.05667722225189209,
            -0.0555034875869751,
            -0.055442214012145996,
            -0.06000494956970215,
            -0.05911910533905029,
            -0.05658984184265137,
            -0.0528637170791626,
            -0.057808876037597656,
            -0.057083964347839355
      ],
      "val_loss": [
            0.11319222301244736,
            0.11362550407648087,
            0.11320769041776657,
            0.11424192041158676,
            0.11424887925386429,
            0.11388690769672394,
            0.11318038403987885,
            0.11356856673955917,
            0.1136055514216423,
            0.11538185179233551,
            0.11321340501308441,
            0.11383447051048279,
            0.11390604823827744,
            0.11318013072013855,
            0.11474324762821198,
            0.11331821233034134,
            0.11365977674722672,
            0.11341823637485504,
            0.11449301987886429,
            0.11329668015241623,
            0.11324373632669449,
            0.11355376988649368,
            0.11326716095209122,
            0.11515472829341888,
            0.11356800049543381,
            0.11353763937950134,
            0.1135079562664032,
            0.11359477043151855,
            0.11398574709892273,
            0.11338693648576736
      ],
      "val_mean_absolute_error": [
            0.2839203178882599,
            0.2870114743709564,
            0.2842108905315399,
            0.2900807857513428,
            0.29011180996894836,
            0.28833526372909546,
            0.28287383913993835,
            0.28676193952560425,
            0.27958357334136963,
            0.29425743222236633,
            0.28214532136917114,
            0.27872025966644287,
            0.2786203920841217,
            0.2828858196735382,
            0.292104572057724,
            0.28534337878227234,
            0.28715452551841736,
            0.2804875075817108,
            0.2790995240211487,
            0.2812894880771637,
            0.28177279233932495,
            0.27980929613113403,
            0.2815413177013397,
            0.2795604467391968,
            0.2797459363937378,
            0.28661850094795227,
            0.28002238273620605,
            0.2868790030479431,
            0.2786945104598999,
            0.2806698679924011
      ],
      "val_r2_score": [
            -0.00013887882232666016,
            -0.003967165946960449,
            -0.00027549266815185547,
            -0.009413719177246094,
            -0.009475231170654297,
            -0.006276965141296387,
            -3.421306610107422e-05,
            -0.0034641027450561523,
            -0.0037908554077148438,
            -0.019485831260681152,
            -0.0003260374069213867,
            -0.0058135986328125,
            -0.0064460039138793945,
            -3.1948089599609375e-05,
            -0.013843297958374023,
            -0.0012520551681518555,
            -0.004270076751708984,
            -0.0021358728408813477,
            -0.011632442474365234,
            -0.0010617971420288086,
            -0.000594019889831543,
            -0.0033333301544189453,
            -0.0008009672164916992,
            -0.0174790620803833,
            -0.0034590959548950195,
            -0.0031908750534057617,
            -0.002928614616394043,
            -0.0036957263946533203,
            -0.007150173187255859,
            -0.0018593072891235352
      ]
}{
   "verbose": 1,
   "epochs": 30,
   "steps": 1181
}