{
      "loss": [
            0.1499207317829132,
            0.15021532773971558,
            0.1482570320367813,
            0.14880475401878357,
            0.15051257610321045,
            0.14963498711585999,
            0.1501336246728897,
            0.1488141417503357,
            0.14867082238197327,
            0.14808349311351776,
            0.14853928983211517,
            0.15015742182731628,
            0.14969263970851898,
            0.15003293752670288,
            0.14833620190620422,
            0.14979557693004608,
            0.14918316900730133,
            0.14874880015850067,
            0.1507086157798767,
            0.15069980919361115
      ],
      "mean_absolute_error": [
            0.3126688599586487,
            0.3140052855014801,
            0.3121213912963867,
            0.3123825788497925,
            0.3144420087337494,
            0.31269946694374084,
            0.3135013282299042,
            0.31259849667549133,
            0.3124919831752777,
            0.3125697374343872,
            0.3118034601211548,
            0.3138902485370636,
            0.31366875767707825,
            0.3136753439903259,
            0.31250840425491333,
            0.3133693337440491,
            0.31326261162757874,
            0.3118005096912384,
            0.314581960439682,
            0.3139336109161377
      ],
      "r2_score": [
            -0.336958646774292,
            -0.33958423137664795,
            -0.32212209701538086,
            -0.3270062208175659,
            -0.3422356843948364,
            -0.3344125747680664,
            -0.3388559818267822,
            -0.32708823680877686,
            -0.3258094787597656,
            -0.32057464122772217,
            -0.32463860511779785,
            -0.33906590938568115,
            -0.33492112159729004,
            -0.3379586935043335,
            -0.3228282928466797,
            -0.33584320545196533,
            -0.3303796052932739,
            -0.3265094757080078,
            -0.3439832925796509,
            -0.3439062833786011
      ],
      "val_loss": [
            0.11318220943212509,
            0.11319881677627563,
            0.1131807193160057,
            0.1131950244307518,
            0.11329253017902374,
            0.11318192631006241,
            0.11324090510606766,
            0.11321195960044861,
            0.11320053040981293,
            0.11321040987968445,
            0.11318444460630417,
            0.1132320687174797,
            0.11317675560712814,
            0.11318840086460114,
            0.11321808397769928,
            0.11317862570285797,
            0.11319204419851303,
            0.11318062990903854,
            0.11321104317903519,
            0.1131812110543251
      ],
      "val_mean_absolute_error": [
            0.28279951214790344,
            0.2823849618434906,
            0.2828604578971863,
            0.2824591100215912,
            0.2813228666782379,
            0.28281158208847046,
            0.2818036675453186,
            0.28216713666915894,
            0.2823532223701477,
            0.2821902334690094,
            0.282723993062973,
            0.28190329670906067,
            0.283145934343338,
            0.28261157870292664,
            0.2820795178413391,
            0.2829689681529999,
            0.2825230360031128,
            0.2828651964664459,
            0.282180517911911,
            0.2828396260738373
      ],
      "val_r2_score": [
            -4.9114227294921875e-05,
            -0.0001958608627319336,
            -3.600120544433594e-05,
            -0.00016236305236816406,
            -0.0010238885879516602,
            -4.661083221435547e-05,
            -0.0005676746368408203,
            -0.00031197071075439453,
            -0.0002110004425048828,
            -0.0002982616424560547,
            -6.890296936035156e-05,
            -0.0004895925521850586,
            -9.5367431640625e-07,
            -0.00010383129119873047,
            -0.0003660917282104492,
            -1.7523765563964844e-05,
            -0.0001360177993774414,
            -3.516674041748047e-05,
            -0.0003038644790649414,
            -4.029273986816406e-05
      ]
}{
   "verbose": 1,
   "epochs": 30,
   "steps": 591
}