{
      "loss": [
            0.18078413605690002,
            0.1565307080745697,
            0.14893367886543274,
            0.14490635693073273,
            0.1460677683353424,
            0.17378267645835876,
            0.20523779094219208,
            0.20621219277381897,
            0.20590727031230927,
            0.20710767805576324,
            0.20577123761177063,
            0.16598732769489288,
            0.1414928138256073,
            0.141689732670784,
            0.1398017853498459,
            0.1397753357887268,
            0.14109434187412262,
            0.1409161239862442,
            0.14203722774982452,
            0.14130300283432007,
            0.14081338047981262,
            0.13979564607143402,
            0.14123791456222534,
            0.13314087688922882,
            0.13215546309947968,
            0.1417187750339508,
            0.15336816012859344,
            0.15313446521759033,
            0.1503342241048813,
            0.1501019448041916
      ],
      "mean_absolute_error": [
            0.33641934394836426,
            0.3174619972705841,
            0.3092602789402008,
            0.30728819966316223,
            0.30753371119499207,
            0.3300718665122986,
            0.3556717336177826,
            0.35647743940353394,
            0.3566550314426422,
            0.3585107922554016,
            0.35629770159721375,
            0.32376986742019653,
            0.30470746755599976,
            0.30502814054489136,
            0.3029078543186188,
            0.3023865818977356,
            0.3036721646785736,
            0.30375248193740845,
            0.3059426546096802,
            0.30401402711868286,
            0.30374592542648315,
            0.30291393399238586,
            0.30435606837272644,
            0.29722949862480164,
            0.2965622842311859,
            0.30595776438713074,
            0.3176373243331909,
            0.31728503108024597,
            0.3147232234477997,
            0.31418994069099426
      ],
      "r2_score": [
            -0.6121890544891357,
            -0.39590299129486084,
            -0.3281536102294922,
            -0.29224133491516113,
            -0.30259883403778076,
            -0.5497531890869141,
            -0.8302655220031738,
            -0.8389542102813721,
            -0.8362371921539307,
            -0.846937894821167,
            -0.8350212574005127,
            -0.4802364110946655,
            -0.2618004083633423,
            -0.26355814933776855,
            -0.24672222137451172,
            -0.246484637260437,
            -0.2582470178604126,
            -0.2566556930541992,
            -0.2666527032852173,
            -0.26010799407958984,
            -0.2557421922683716,
            -0.24666368961334229,
            -0.2595311403274536,
            -0.1873180866241455,
            -0.17853307723999023,
            -0.2638157606124878,
            -0.3677029609680176,
            -0.36561763286590576,
            -0.34064173698425293,
            -0.3385758399963379
      ],
      "val_loss": [
            0.11342080682516098,
            0.11319288611412048,
            0.11322283744812012,
            0.11388546228408813,
            0.11318299919366837,
            0.2926139831542969,
            0.2926139831542969,
            0.2926139831542969,
            0.2926139831542969,
            0.2926139831542969,
            0.2926139831542969,
            0.11320461332798004,
            0.11318006366491318,
            0.11318227648735046,
            0.11318032443523407,
            0.11357466876506805,
            0.11321979016065598,
            0.11323467642068863,
            0.11317919939756393,
            0.11367167532444,
            0.11437343060970306,
            0.11696317046880722,
            0.11318055540323257,
            0.11323923617601395,
            0.11357305198907852,
            0.11413391679525375,
            0.11360984295606613,
            0.11547394096851349,
            0.1131855696439743,
            0.1136552020907402
      ],
      "val_mean_absolute_error": [
            0.2804727852344513,
            0.2825050354003906,
            0.28442996740341187,
            0.2786005139350891,
            0.2836665213108063,
            0.42402389645576477,
            0.42402389645576477,
            0.42402389645576477,
            0.42402389645576477,
            0.42402389645576477,
            0.42402389645576477,
            0.2822822332382202,
            0.28354960680007935,
            0.2827979028224945,
            0.28356075286865234,
            0.2797165811061859,
            0.2843886911869049,
            0.28187355399131775,
            0.2835041582584381,
            0.2872026562690735,
            0.27901220321655273,
            0.2807559669017792,
            0.28286758065223694,
            0.2846295237541199,
            0.2867823839187622,
            0.2788233160972595,
            0.2795655429363251,
            0.27977338433265686,
            0.28268924355506897,
            0.2793799340724945
      ],
      "val_r2_score": [
            -0.0021573305130004883,
            -0.00014340877532958984,
            -0.0004080533981323242,
            -0.0062628984451293945,
            -5.602836608886719e-05,
            -1.5854625701904297,
            -1.5854625701904297,
            -1.5854625701904297,
            -1.5854625701904297,
            -1.5854625701904297,
            -1.5854625701904297,
            -0.00024712085723876953,
            -3.0159950256347656e-05,
            -4.971027374267578e-05,
            -3.24249267578125e-05,
            -0.0035167932510375977,
            -0.00038111209869384766,
            -0.0005127191543579102,
            -2.2530555725097656e-05,
            -0.004373908042907715,
            -0.01057446002960205,
            -0.03345668315887451,
            -3.445148468017578e-05,
            -0.0005530118942260742,
            -0.003502488136291504,
            -0.008458137512207031,
            -0.0038275718688964844,
            -0.020298242568969727,
            -7.87973403930664e-05,
            -0.004228353500366211
      ]
}{
   "verbose": 1,
   "epochs": 30,
   "steps": 591
}